Date,F,CAT,DIS,MCD,KO,PEP,WMT,C,WFC,JPM,AAPL,IBM,PFE,JNJ,XOM,MRO,ED,T,VZ,NEM
2011-12-30,8.481097497,75.66028169,34.81705373,83.70208684,29.36663786,56.21936515,51.47155887,25.54173162,23.26869072,28.28699755,52.04814475,157.0836699,17.61493783,55.33217577,70.34623257,25.83975325,49.25361412,22.16103929,30.88874005,54.90599633
2012-01-06,9.22989328,79.96941032,37.05462972,83.92733914,28.93014646,55.40594253,50.81696742,27.71632223,24.43381384,30.29723133,54.28428726,155.9389444,17.5579579,54.69937413,70.64501317,27.09333882,46.92710938,22.07309866,29.89555773,56.69929332
2012-01-13,9.490001289,85.58129876,35.65266302,83.7187722,28.11592212,54.56710046,51.28207187,29.84237287,24.99948956,30.77705174,53.95143617,153.0515026,17.77773762,55.0621804,70.44582611,26.89912134,46.99063169,22.36314274,30.35572937,57.9985187
2012-01-20,9.923514637,88.60945425,36.49755686,84.87840442,28.57759571,56.16005308,52.54818953,28.77449355,25.78468123,32.01087564,54.01440799,161.0474953,17.82657756,55.07061776,72.61198546,28.28512792,46.65713954,22.69037197,30.39472697,54.22893521
2012-01-27,9.663406628,93.34021269,36.44184957,82.33388768,28.30478859,55.76181493,52.28979817,29.96857679,24.99104664,31.88235232,57.48171403,162.7047844,17.48469799,55.31530106,71.23427491,27.57888253,46.7603633,21.68637321,29.02201156,56.2784175
2012-02-03,10.12243823,95.571386,37.13819065,83.43512115,28.57339868,56.48203287,53.42672016,32.5707895,25.96449087,32.79915202,59.07528686,165.4213717,17.43493366,55.3827999,70.47902395,28.51465767,46.70478128,22.27389841,29.51338128,55.82094377
2012-02-10,9.845436401,93.73444256,38.48445006,82.98461655,28.51464022,54.18580861,53.31475057,31.97356124,25.65084864,32.22508118,63.41134712,165.0181036,17.31157328,54.50531496,69.93260969,29.2650434,46.95093025,22.1920911,29.39638849,54.54916682
2012-02-17,10.09078088,95.57977387,38.76298649,83.4184358,28.98051085,53.10971827,53.8143072,31.96870573,26.35442446,32.96194823,64.52941837,165.8756969,17.42670964,54.83437181,71.45143247,29.96610227,46.43050948,22.31852057,29.99695148,54.39362575
2012-02-24,9.679235304,97.29928713,38.35446639,83.69374416,28.95952569,53.64352686,50.63609347,31.41517711,25.5830341,32.79915202,67.13696617,169.5976519,17.41848561,54.86812123,72.88680346,31.06642702,47.20876409,22.56394249,29.74736686,57.19336494
2012-03-02,10.06703786,94.35514491,39.32934389,83.59199326,29.03507228,53.40760329,50.82558047,33.11460709,26.51548399,34.81268408,70.06322853,170.4981248,17.60763819,55.13199212,72.04394026,29.7442626,46.78353219,22.95810497,30.16074139,53.94530151
2012-03-09,9.956237132,92.45109851,39.21792932,81.35727264,29.17357436,53.94577971,52.09132058,33.21171737,26.83760304,35.15541294,70.06194339,172.0503687,17.66520637,55.10645623,70.34986869,29.58453804,46.84771814,23.18865283,30.49612072,52.04221081
2012-03-16,9.900836766,95.26942269,40.09996135,82.04617148,29.66015593,55.07338746,52.75026538,35.62976346,28.72793326,38.18856336,75.25390647,176.6727966,18.04351154,55.42991087,72.13573725,30.71148355,46.2299284,23.49357098,30.86269813,49.49217756
2012-03-23,9.750464345,90.44639768,40.52705054,80.27351715,30.22241373,55.78241354,52.67223245,36.06190423,28.50798076,38.69408843,76.60073254,176.2182722,17.94482323,54.94472891,71.39301621,28.80366241,45.83678947,23.44151178,30.74570534,49.09624014
2012-03-30,9.873136583,89.34758677,40.64774966,82.41582451,31.2877443,56.67937425,53.06239713,35.49380907,29.02661685,39.3966826,77.05053132,178.936843,18.62330532,56.14491586,72.37774747,28.12926982,46.87178787,23.22583797,29.81756254,47.20863151
2012-04-05,9.869179415,88.80237525,39.99783132,82.85268719,31.05945918,56.50852459,52.60286983,33.78466805,28.67802538,38.24242884,81.43671201,176.2096963,18.37247255,55.61717408,70.78381806,27.09993376,46.67923003,23.33739339,29.7629659,43.94905367
2012-04-13,9.433890828,88.81915098,38.85583196,81.46648831,30.41265133,55.57739395,51.82254047,32.44454613,27.92132681,37.26782477,77.78049048,173.9199221,17.96949531,54.08502052,69.22326937,26.35455248,46.33423056,23.03568178,29.44684306,44.82379914
2012-04-20,9.030259593,90.74969073,39.32005935,80.60116415,31.33847433,56.91856377,54.14618792,32.91067549,28.05736251,36.84520884,73.635916,171.1756236,18.55340111,54.22972392,71.18438671,26.15045999,47.0242295,23.27705107,30.60859451,43.50707702
2012-04-27,9.180632013,88.07934339,40.24851411,81.81093773,32.39534989,56.46581218,51.18093632,32.53194538,28.7120343,37.37994736,77.4939044,177.3588713,18.98105042,55.19157587,71.83531076,26.36342607,47.58585653,24.64229612,31.79405518,44.06875569
2012-05-04,8.482030316,82.92397249,39.85856311,80.54235572,32.55176748,56.29496252,50.89481555,30.69629789,28.26690945,36.0086018,72.64250326,175.7980515,18.40536865,55.10645623,70.57518856,23.78121234,47.64201924,24.78560914,31.8177644,42.5034217
2012-05-11,8.410485543,80.44737274,42.30039914,77.20707719,32.75046009,57.06378598,51.86600152,28.51064377,28.50653206,31.87731551,72.83013361,173.2498778,18.80995773,54.76597766,69.82561529,23.23104997,47.9870187,25.33623284,32.5290408,41.76679394
2012-05-18,7.957368647,74.70233523,40.6756033,75.48483009,31.30465431,58.19139373,54.49334357,25.26616165,26.47829787,28.88450478,68.16122225,168.69407,18.74352079,53.9232932,68.45599131,21.55499157,47.55489663,25.38903237,32.82145443,41.96936657
2012-05-25,8.426384382,75.76373512,41.31623709,76.49297474,31.80349958,58.63560284,57.00721238,25.7130065,27.26562928,28.89312959,72.262102,167.3333561,18.37811764,53.72266311,68.96854997,22.59120335,48.31681248,25.41166074,32.75822986,44.952709
2012-06-01,8.044812259,72.04041169,41.22339162,73.4176239,30.89881409,58.12468204,57.21670144,24.66389252,25.81077775,27.53903367,72.09503388,162.8378331,17.9711914,53.09528278,65.47306791,21.34060293,48.86798564,25.57005934,32.42630087,46.31547035
2012-06-08,8.474080897,73.79256389,42.93174839,74.2981951,31.80772708,58.81346511,59.54726732,26.97582888,26.89763743,29.04837626,74.5792083,168.0567736,18.38642225,54.1265929,67.92662744,22.35894898,50.44855575,26.06034071,33.5406339,46.6193293
2012-06-15,8.227648901,73.22816871,43.72093494,76.62662857,32.38670867,59.82081037,59.13701789,27.50038587,27.77054834,30.21272626,73.78370702,171.4671704,18.77673926,56.73065096,69.9264465,22.21602322,51.1456277,26.93530439,34.4178748,46.6193293
2012-06-22,8.100458193,71.56867841,44.07374775,74.80621695,31.89722629,59.14924687,58.74422589,27.18953728,28.07863455,31.04070848,74.80796311,166.8166293,18.87224235,57.26349453,68.99375778,21.20661002,49.84874966,26.52799371,34.73399765,44.46823853
2012-06-29,7.62349304,71.52655936,45.03005616,74.9586235,33.28054608,60.83676541,60.85657398,26.62612422,28.61778541,30.81646329,75.05213959,168.4357066,19.10061932,58.06275987,71.90105776,22.84132343,50.40802832,26.89759044,35.12124813,44.97819539
2012-07-06,7.551948266,71.2738451,44.60296696,75.91539798,33.26352061,60.45793471,62.28808261,25.60615229,28.28402536,29.48258809,77.86402454,164.8444555,18.71860694,58.13151388,71.25405748,22.29641896,50.36750088,27.06353183,35.50059555,44.42187882
2012-07-13,7.369111624,69.1341977,44.74223518,78.14222708,32.89321654,60.6215207,63.87670803,25.88785882,29.02000907,31.3698216,77.74707686,160.1939144,18.9428316,58.96515623,71.81703175,22.21602322,51.40500331,26.9948039,36.13196589,42.79928879
2012-07-20,7.321415109,68.62043521,45.11361709,77.54106789,32.78680732,60.22977532,63.0649379,25.1301654,28.93442957,29.48258809,77.66097252,165.7401152,19.68194252,58.98234473,72.22035661,23.70781087,51.68869538,26.94898528,35.55653975,41.86282255
2012-07-27,7.154477305,73.03689558,46.36238875,75.51744753,34.05520517,62.21433156,65.04635533,26.51927002,29.2211209,32.08296975,75.20121576,169.1332877,19.78575023,59.74723307,73.48074677,24.14552102,52.6046155,28.36172608,35.88421297,41.28332612
2012-08-03,7.265336671,72.07052997,46.20919371,75.85612877,34.40422739,62.73952866,65.07254146,26.62657689,29.38800093,31.38721546,79.12603141,170.9676678,20.34890665,59.40346303,73.56477279,23.86860235,52.41008379,28.69772929,35.53256366,41.41776929
2012-08-10,7.47314608,75.39347137,46.09777914,74.67921149,33.5359282,62.10240431,64.65716828,28.08423621,29.13987604,32.15254518,80.23820916,172.3637864,20.06395491,58.99093898,74.79285581,24.92267985,51.76975026,28.62900136,35.64445208,44.02318527
2012-08-17,7.696940829,76.30049874,46.8498275,73.9679809,33.65085015,63.18723766,63.1741252,28.21056669,29.31214844,32.16124211,83.64675203,174.0330227,19.9382409,58.26902189,74.7590282,24.35835669,50.47255589,28.38463539,35.21288248,43.72648309
2012-08-24,7.585043455,74.14736835,46.01421821,75.2888377,32.74850001,62.90311464,63.27943003,28.98798499,29.32076206,32.32648375,85.59714582,171.0491547,20.12262144,58.62138619,74.46303657,25.02349263,50.25979868,28.21663378,34.50159184,45.64577529
2012-08-31,7.465153411,72.3333136,45.93065728,76.36942938,31.83763712,62.36069797,63.70942477,28.87137225,29.31214844,32.30039297,85.85759412,168.523678,19.99690744,58.47396554,73.82876879,25.00551598,49.60516112,27.97990424,34.31777516,46.99020702
2012-09-07,8.104566979,74.6814125,48.0382496,77.67510853,32.26327398,62.54297359,64.78002392,31.16475624,30.14766957,34.17892955,87.81934541,172.5454132,20.31538291,58.86419666,76.04447755,25.71559353,49.61334409,28.48390907,34.94115347,48.26575423
2012-09-14,8.416281094,78.9791964,48.60460701,78.25541037,32.67092415,61.12035949,65.37675131,33.80797847,31.12100861,36.15313236,89.21838383,178.8677539,19.94662184,59.37583302,78.05722062,27.94469776,48.94234059,28.45336332,35.58850787,53.41073984
2012-09-21,8.312376389,77.75004715,48.96670437,79.97071435,32.59378922,61.19842978,65.3328743,32.71959285,30.12182871,35.55304428,90.35607052,178.1498958,20.54585859,59.88746938,77.73585828,27.66605973,48.36134976,29.07955113,36.47562316,52.5796986
2012-09-28,7.88077223,72.93517289,48.53961517,78.29807963,32.50808376,61.38926826,64.76247311,31.79640861,29.74282943,35.20516713,86.09829584,179.421283,20.82661986,59.75739234,77.33838381,26.57847259,49.00780435,28.78936654,36.41967895,52.30424112
2012-10-05,8.120552318,72.41808252,49.18024896,77.65804083,33.06516929,61.67552597,65.92960169,33.78854302,30.87121364,36.54122481,84.22495241,182.1370354,21.38814241,60.39910574,78.26864321,26.55150762,49.27784234,29.24755274,38.01408886,52.15017167
2012-10-12,8.08858164,70.20561388,46.97052662,78.94665228,32.76520016,60.76470597,66.52632909,33.76910756,29.50164808,36.46237777,81.27251672,179.7239943,21.05290507,58.94224289,76.98319385,26.40769444,48.95870653,27.52483635,36.05076822,51.30045536
2012-10-19,8.136457731,71.51396363,48.18680236,75.71232288,32.05384478,60.61723987,66.35959643,36.1110802,29.57917066,37.07563256,78.7075269,167.2349929,21.58928481,62.31557413,77.93036706,27.49528159,49.48241658,27.28535559,36.4870617,51.26310519
2012-10-26,8.28040571,71.84654706,46.49701469,73.9970189,31.7453051,59.83653701,65.91205089,35.56688739,29.26046672,36.05938176,77.9538014,167.1571529,21.31271401,61.48308107,76.6364608,26.88407559,49.0732681,26.75231779,36.13964282,49.77843602
2012-11-02,8.967811106,73.15982519,46.29275464,74.12502666,31.77958728,59.89725834,63.85860662,36.54828837,29.06235346,37.16324039,74.44329909,167.2955352,20.57519185,61.48308107,76.34046918,26.92002888,48.44317945,26.98407335,35.96997314,45.51117936
2012-11-09,8.775127608,72.44349166,43.69308129,72.31585033,31.10251409,59.72376882,63.45493809,34.92500003,28.05133539,35.5862995,70.94028704,164.7469151,20.44109692,60.5898854,74.22939758,27.36045674,46.10694166,25.91027255,34.45102548,44.88556405
2012-11-16,8.429903009,69.86810208,44.02732501,71.78658091,31.33391885,59.2553471,59.69906566,34.00157253,27.69581615,34.63137418,68.42691622,162.4013305,20.17892315,60.00020281,73.5825183,27.73796632,45.47828583,25.60126513,33.44916639,43.06474338
2012-11-23,8.911611752,71.76979704,45.73568178,74.28716983,32.50808376,60.88614863,61.60332808,35.02220292,28.78838748,35.99805628,74.10955662,168.0915451,20.74555678,60.85003948,75.82957265,28.85644523,44.75036856,26.54373777,35.35593047,44.53073746
2012-11-30,9.192608519,72.69079728,46.10706369,74.93992109,32.72015687,60.90349759,63.2004514,33.60304066,28.62363466,35.9892955,75.89648521,165.1204712,21.15996048,60.99875291,75.02097354,27.88040512,46.14830059,26.36605851,35.64679278,43.97048494
2012-12-07,9.216693956,74.18315879,46.41600862,76.17973596,32.53895347,61.41680172,63.78932533,36.58716953,28.81440109,37.28589135,69.14946819,166.7536931,21.61665028,61.62859806,75.41250574,27.94366698,46.34682349,26.06091367,35.88109854,41.79931903
2012-12-14,8.911611752,75.89724259,45.87869901,76.52412898,32.4958098,61.32938811,60.66559852,36.54828837,28.74503148,37.50491092,66.10779932,166.5886334,21.29527598,61.83854644,74.96990413,27.85329289,46.42126957,26.27335628,35.71950836,41.67698874
2012-12-21,9.521776161,75.39470384,47.13242142,77.6434063,31.83139734,60.86609599,60.57735765,38.38542308,29.89830122,38.54744406,67.34438502,168.0307336,21.21070379,61.47113677,74.24642072,28.06115329,46.36336706,26.01069997,35.2024198,41.94987939
2012-12-28,10.33265255,74.45977521,46.33117026,75.40485167,31.03755387,59.45873688,59.65965259,37.91884918,29.40404276,37.88162457,66.08124177,164.9119748,21.05001664,60.78005668,72.43345642,26.94051464,45.4369269,25.74031847,34.66109271,42.37333039
2013-01-04,10.89464608,81.41598736,49.19682148,77.35816278,32.4958098,60.71749285,60.93914521,41.24299377,30.29717646,40.00585349,68.33899622,168.5259126,21.95493901,62.59086148,75.71892224,28.9287445,47.06646897,27.21582892,35.79222394,43.22964242
2013-01-11,11.23987068,81.64757519,47.67915751,78.97792925,31.8486548,61.9587661,60.55970947,41.15570557,30.43591568,40.69378483,67.47017027,168.9255307,22.42854325,63.29068942,76.27217426,29.05526822,46.24756204,26.82103483,35.4022986,43.06026202
2013-01-18,11.32818395,83.73186563,49.33821875,79.43425,32.53032474,63.35738384,61.06268243,40.49472589,30.28850526,40.97601307,64.83775733,168.9429054,22.44545768,64.06050016,77.28505103,29.89574721,46.14002881,26.17144455,34.78091876,42.24159008
2013-01-25,10.98295935,81.98209094,51.26122154,80.69128452,31.96945707,63.3661252,60.88620069,41.70976207,30.47060049,41.59338736,57.04166538,178.0646234,22.83448973,64.66410176,78.07662699,30.5283658,46.74386927,26.62537511,34.88720742,40.80185667
2013-02-01,10.52893662,85.33582577,51.45917771,82.61127561,32.392265,63.5234697,62.20098966,41.82660383,30.67970116,42.20194201,58.82340696,178.2470578,23.57115311,64.89154584,76.63817175,30.91697436,47.19054578,27.79150706,36.43248096,41.13120745
2013-02-08,10.59363055,83.07141146,51.5251631,81.68141445,33.45359921,63.46228017,63.07457428,41.49603559,30.46137137,42.88987335,61.94187742,175.9473344,22.93132811,66.02876624,75.90815589,31.20617143,47.27326365,27.60367372,36.2607839,42.27923017
2013-02-15,10.52893662,82.00782292,52.42067911,80.84626138,32.2887202,64.40634715,61.1509233,42.62385662,30.70590073,43.11036416,60.00920947,175.3366484,23.28109911,66.62361999,75.69399227,31.47729369,47.3103968,27.67411122,36.30166415,40.71716647
2013-02-22,10.09225262,78.51685085,51.13867724,82.00858782,33.23788087,66.05846436,62.12157288,41.60298414,31.28229136,43.13682306,58.78988117,175.4326134,23.35787811,67.23596944,76.41358205,31.52270236,48.89911638,27.92455567,37.1192692,38.41171101
2013-03-01,10.19738025,78.36245897,52.15673755,83.04142062,33.39319807,66.84580267,63.30400055,40.94184768,30.90676413,43.13682306,56.1373531,177.0203967,23.36640911,67.63277188,76.61061259,29.86982658,49.35064721,28.1828265,38.19850787,37.28250833
2013-03-08,10.49658966,77.63338618,54.09859331,85.67118132,33.84189221,67.963861,64.85703987,45.38507361,31.87614837,44.27455567,56.3003649,183.5372878,24.04888911,68.94662886,76.21655152,30.43289416,49.29211543,28.70719456,39.21233813,36.93433751
2013-03-15,10.87666648,76.19239525,54.27769651,86.50437283,33.74847873,67.82300326,64.38635342,45.94898412,33.36079089,44.11580228,57.85745365,187.4980221,23.90386211,69.82841206,76.55921332,31.84964483,49.47607244,28.51153484,39.26139443,37.74701839
2013-03-22,10.7230184,75.03445611,53.52357777,86.15720971,34.80013104,69.23158069,65.96714941,43.97529733,32.48747176,43.02216784,60.237426,185.0203821,24.21097811,70.31339283,76.49068096,31.02320694,49.40917898,28.51153484,40.07899948,39.58299988
2013-03-28,10.63406425,74.59701244,53.54243074,86.52173099,35.1477847,69.64535031,66.45559761,43.01276042,32.30407474,41.85797633,57.72704421,186.0847204,24.62046612,71.89178477,77.19313765,30.62361059,51.03134529,28.71502095,40.18528813,39.84935989
2013-04-05,10.05990565,72.56418595,54.39081432,88.02321153,34.83489641,69.18756264,67.84101432,41.81688123,32.4438058,42.52543521,55.18927644,182.6910516,24.82521012,72.3414942,76.2508177,29.49747545,51.26547238,29.75593068,40.5205062,37.45211981
2013-04-12,10.94136041,72.95016566,57.07736234,89.90657151,35.70403055,70.42006789,69.76816448,43.53778055,32.49620495,43.50180713,56.04997877,184.4096962,26.16457712,72.95874244,76.23368461,29.55196586,51.76717331,30.5633032,42.01664074,34.59826257
2013-04-19,10.45615596,69.43329531,58.02943726,86.72134979,37.0772625,72.86747118,69.52838082,43.78084543,32.042079,41.92185984,50.92879993,165.7576038,26.49728612,74.50186305,74.91443666,27.10897913,52.24378918,30.31778302,43.16495239,31.37340389
2013-04-26,11.05457478,73.10221867,58.32165827,87.56322038,36.59054738,72.63857735,70.19444654,45.61841589,33.08132877,43.38641772,54.40747183,169.5176841,25.66977912,75.05738647,75.38559664,28.80726358,52.54480973,29.33570227,44.30500281,31.83953391
2013-05-03,11.2675498,75.08775366,61.08361816,89.32507326,36.71222616,72.92029283,70.38094495,45.67684129,32.95906409,42.22364753,58.68164134,178.4162502,24.70577612,75.61290989,77.11603875,30.45105763,53.23046766,29.57330245,43.52018549,31.39242961
2013-05-10,11.49567084,76.50352643,63.34597439,86.96436398,36.63400408,73.06995418,70.48204848,47.40783506,33.47146053,43.45742659,59.46600539,179.2087257,24.70570485,75.62172773,77.75325306,31.1957599,51.48287612,29.58914246,43.69367142,31.5065839
2013-05-17,12.28594729,75.68341415,62.76153237,88.12736047,37.34669408,73.7742429,69.57075821,50.03349977,35.0997067,46.42204679,56.87847207,182.6882515,24.91215921,77.6762826,79.1506379,32.9882218,51.34788628,29.65250251,44.07368823,29.13788239
2013-05-24,12.04967907,74.42303107,61.73404558,87.04247569,36.71222616,72.70020261,69.07044198,49.12910415,35.41655461,47.62919752,58.439394,180.3042943,24.98097733,77.13579226,78.95224376,32.07568454,49.54872527,29.1060221,42.45448619,30.41260529
2013-05-31,12.77477808,74.06908788,59.46226287,84.4787053,34.75667434,71.10674939,66.86369005,50.55863271,35.68939586,48.4546756,59.04131385,182.3201404,23.42396738,74.79026713,78.03790553,31.38215623,48.20568959,27.71210104,40.05046683,32.61007536
2013-06-07,12.81551398,73.07632038,61.13075059,85.97460036,35.99084482,73.14624228,68.19488858,50.17937003,36.30548901,48.17064014,58.00104931,180.8564608,24.31000067,75.43884037,78.8832371,31.69241889,48.50977314,28.07642132,41.50444417,32.44835679
2013-06-14,12.5222155,72.40296504,60.14096974,86.0970713,35.30392759,72.80936709,66.8904927,47.86489522,35.34614396,47.15876378,56.45706254,177.2191731,25.02398865,75.43884037,78.13278968,31.37303085,48.83919698,28.44074159,42.19012667,31.89915062
2013-06-21,12.22076985,71.75550798,59.13233592,85.05606831,34.79633517,71.03633976,65.67543901,45.57959445,36.05025042,46.1202591,54.28437474,171.3118674,24.48204596,73.91957977,77.18394812,31.27265175,47.63130955,27.30026073,40.90963526,28.88127376
2013-06-28,12.6036873,71.21164404,59.52824826,86.60445091,35.10264094,72.50795244,66.55099241,46.6493097,36.32309167,46.8569761,52.05654926,167.4992887,24.09494404,76.28287403,77.93439554,31.5555383,49.25308848,28.03682129,41.58705652,28.78516304
2013-07-05,13.60579043,70.90949742,60.15982271,87.35677241,35.46145627,71.63030392,67.19425613,47.19389201,37.02719812,48.26700307,54.79899324,170.8473463,24.06053498,78.06867157,78.98674709,32.50457705,48.28171047,28.37738154,42.38013507,26.69956024
2013-07-12,13.93982481,75.25177611,63.13859174,88.86141539,35.90778753,74.75083201,69.35633696,49.41111999,37.52007264,49.14312203,55.99233053,168.3406854,24.78312524,79.95219933,80.56527441,33.6178725,50.0048506,28.72024568,42.06401974,26.36317269
2013-07-19,13.65467351,74.45713914,61.4229716,87.7154373,35.96029709,76.60364556,69.75837679,50.90872134,39.12191482,50.20698078,55.78753337,169.629074,25.02398865,81.94234186,82.09204675,34.20189635,51.08603656,28.72024568,41.68017825,27.57416786
2013-07-26,13.86650019,71.33628532,61.25329488,85.75590225,35.56647539,75.62848054,69.68690304,50.77257577,38.29458974,50.1086409,57.89326824,172.9683671,25.26485207,82.47541575,81.76426511,33.22548148,50.62146446,28.55182201,42.57302692,29.19843917
2013-08-02,14.34202907,73.28355901,62.69554698,86.7794094,35.19890847,74.7242366,70.35696942,51.55057625,39.15712014,50.50200043,60.72235718,171.0489309,25.47229526,83.86140787,79.31452872,34.27489933,50.99312214,28.68816498,41.93050966,27.67027859
2013-08-09,13.9486477,73.46611592,61.01763277,85.39723735,35.14639891,74.76856228,69.12149647,49.91652025,38.31194831,48.74082251,60.05500722,165.4451167,25.33352893,82.0578412,78.79697878,31.52816219,50.93399478,27.91020804,41.15448231,28.36227583
2013-08-16,13.35857565,74.03117302,58.6044528,83.13152495,34.17497204,71.08066545,66.61370746,48.97304744,37.88655541,47.64120381,66.38229019,163.2605576,24.60500567,79.4013563,76.35628752,31.26352638,48.33882018,27.4129572,39.81103713,31.12065373
2013-08-23,13.48150732,72.92713838,58.18968749,83.2190042,33.7111376,70.78811594,66.01147855,48.4672682,37.89541776,46.77402483,66.2091753,163.3310272,24.57898699,79.13481936,76.0175439,30.63796964,48.2961482,27.50117913,39.72759333,31.71654024
2013-08-30,13.26842575,71.75355825,57.3413039,83.21545375,33.41358342,70.6817343,65.59800796,47.00828963,36.4065426,45.17376672,64.38499372,160.5562848,24.46623934,77.34464134,75.70485748,31.60171644,47.98890994,27.13225109,39.53567259,30.53437828
2013-09-06,13.93225681,72.49247907,57.86918702,84.89105106,33.56236051,70.7664614,65.24745681,47.87395025,36.71672493,46.98858458,65.83915875,161.2257465,24.52694961,78.0159581,75.78302908,32.7582126,47.44270858,26.79540375,38.66785706,29.47883084
2013-09-13,14.21909739,75.63941245,62.86522369,85.85231478,34.10655298,71.7128713,66.83841973,49.10921877,37.39026369,47.01540454,61.43596183,169.2769038,24.72642622,79.2780336,76.78188849,32.64807011,46.83676645,27.52523965,39.85275903,27.31853532
2013-09-20,14.25187917,73.67475239,61.28157433,85.45546279,34.73244217,72.98070344,68.15972792,49.80952849,37.97517893,47.20314432,61.76765524,167.383032,25.12537943,80.2715824,77.00771757,32.95096196,47.76701564,27.52122956,39.86944779,27.1925988
2013-09-27,13.97323403,72.84889971,61.45125105,85.64947932,33.8509081,71.60573056,66.83841973,47.55297496,36.85852256,46.70250491,63.79481733,164.6523331,25.04732336,77.63106982,75.47902839,32.03310786,47.06719515,27.25255371,39.21858615,27.10541199
2013-10-04,14.00601582,73.19662715,61.55494238,83.51529748,32.79306722,71.08788363,65.43621512,47.79613806,36.60151435,47.43042669,63.83181898,162.168278,25.15139811,78.15022145,74.97525582,31.93214391,46.52099379,27.06808969,39.30202995,25.96229597
2013-10-11,14.02240671,74.42236639,62.41275245,83.55057321,33.29554164,72.16821946,67.25189032,47.87395025,36.71672493,47.28634338,65.12449822,163.9828715,24.90855703,80.06571193,75.52245706,31.9963937,48.01451313,27.80178671,39.7459256,24.81917996
2013-10-18,14.3666154,76.45693142,63.29884197,83.95624414,34.18589105,74.11460965,68.05186603,49.75116934,37.82451894,48.89827548,67.2491861,153.0776934,26.4610054,82.01700597,76.0436011,32.38189242,48.5265769,28.13508298,42.21052748,26.07854506
2013-10-25,14.42398352,74.20716827,65.28783016,83.58584895,34.40627456,74.41817509,68.3844402,48.69097825,37.98404128,47.52047876,69.50470126,155.7819662,26.54773436,82.42874691,76.40840193,32.66642719,50.00302745,28.60657527,42.8013567,26.96010063
2013-11-01,13.92193452,73.17420308,65.05216805,85.75530652,34.91756432,75.49851092,69.27430082,47.41679565,37.81565659,47.28634338,68.72132336,157.8784382,27.03341653,83.57446085,78.01526272,32.37271388,49.84940831,29.4601389,42.61566752,25.16792722
2013-11-08,13.88896368,73.74320933,64.64682922,85.55247105,35.30543931,76.65027392,70.07427652,48.58421778,38.11866801,48.59209843,69.19413741,159.388463,27.37401182,84.18312137,81.09459438,33.40071046,49.40135251,28.59031691,42.37089541,26.70822761
2013-11-15,14.07030327,73.30551222,65.98538999,85.47310065,35.4553001,76.81098504,71.2068264,49.0317296,38.85944288,49.41157229,69.78311701,162.2221931,28.14314114,84.48745164,83.3158849,33.71278085,50.09143601,28.80167553,42.46374,26.92135094
2013-11-22,14.02084702,72.55267319,66.17391968,86.66365664,35.64042225,76.55206157,71.73714738,50.98716168,39.59129274,51.74392097,69.09311631,160.5485212,28.07322029,85.84798693,83.0885087,34.70013895,48.23683661,28.79354635,42.38777625,24.93542904
2013-11-29,14.07854598,74.05835125,66.49442014,86.58656775,35.67568362,75.40922697,72.81576631,51.48331608,39.2878428,51.527796,73.91421544,159.1139454,27.73235616,85.31622512,81.75048725,33.25160882,47.6243875,28.62283362,41.8813512,24.05387347
2013-12-06,13.76532306,74.84620605,67.3616567,86.07969352,35.91535604,74.74935887,72.27498229,50.09213804,39.36816778,50.48319196,74.43925932,157.3340087,27.56629415,85.11794106,83.64820395,33.73137676,48.1764543,28.07004956,41.76318536,22.49121493
2013-12-13,13.67465327,75.32767287,66.43774481,83.98105636,34.82351501,72.75364538,70.59332771,49.58625512,39.02901785,50.58224924,73.69622253,153.0214257,26.43882048,82.33295125,83.35086585,33.03017747,46.86529565,27.5172655,40.3789569,22.74524256
2013-12-20,12.71025638,77.84880823,69.09067401,85.82181014,35.54253227,73.54473901,70.00565272,50.79259132,40.12679264,51.96004595,72.9771118,159.4150292,26.43882048,82.99990673,86.29801114,32.43969385,47.24484158,27.88307848,40.58152692,22.11994379
2013-12-27,12.61134388,79.54707303,70.95154161,86.17751135,36.09289116,74.35381205,70.9459327,50.84123391,40.60874256,52.35627507,74.44856389,163.8958649,26.77968461,83.23424245,88.77291357,32.87333025,47.4863708,28.59844609,41.50153242,23.04812164
2014-01-03,12.78444076,78.62790909,72.6310939,85.84848773,35.91535604,73.93129613,71.10867347,51.95028494,40.46594258,53.16938913,71.90841489,165.2773084,26.67480334,82.78359685,87.02386592,31.84921023,46.1062038,28.28953735,40.86850111,23.37054132
2014-01-10,13.24603243,79.23193111,71.94400433,85.19044049,35.62242308,75.06399838,70.5571631,53.23444928,41.00144248,53.01530123,70.83971798,165.8263436,26.82338514,85.38832842,87.90713498,31.95992591,46.86529565,27.69746543,40.74341761,23.2532978
2014-01-17,13.61695431,80.56803044,70.59845391,84.41679035,34.86789879,73.89533733,68.88454967,50.85096243,41.40306741,52.67086946,71.86720891,168.3324236,27.17298938,85.6767416,86.71778258,31.33253706,46.54613203,27.76337254,41.25537678,23.98606979
2014-01-24,13.04820743,75.92461923,69.39604715,83.97216383,34.47732151,73.2031304,67.28426547,47.9907782,40.59089256,49.93354325,72.58499042,159.0785238,26.29897879,81.66599576,82.94858489,30.44681163,46.27872468,27.53269764,40.64102577,24.30848947
2014-01-31,12.43210008,82.74435409,69.29107513,83.74095804,33.57189237,72.24123246,67.51933547,46.15191311,40.46594258,50.17827109,66.54100428,156.4573234,26.56992207,79.73723259,80.5961158,30.25305919,46.934304,27.45031374,40.97379923,21.1038333
2014-02-07,12.44041031,83.59021268,72.21120583,85.29715085,33.6872902,72.11537665,66.67850818,48.01044471,40.76736861,51.32033434,69.48825096,157.8157713,27.51807956,81.15225977,79.7701037,30.07775937,46.5978883,26.60999802,39.94134823,21.02567095
2014-02-14,12.66478645,85.07046521,75.60848207,85.17265543,34.55721232,70.20057046,68.52290352,48.18559429,41.45026921,52.70712543,72.73882705,163.5496701,28.15270535,83.60377184,82.87883042,30.8250902,48.13947315,27.31026112,39.68536865,23.28260868
2014-02-21,12.59830463,85.90751277,76.46734404,85.76845496,33.00377997,70.31743657,66.1089155,46.95954726,40.9740359,52.21766975,70.23303536,162.7483488,27.72962149,83.08102294,83.68903681,30.8622065,48.25292731,27.02191749,40.33385027,22.84294549
2014-02-28,12.78943986,85.44052834,77.11626197,85.33325127,33.90920911,71.98053114,67.53741778,47.31957694,41.7108497,51.50161422,70.36541176,164.8673984,28.30254756,83.62569748,84.78105413,31.08490432,48.91619779,26.30517761,40.59836251,22.72570197
2014-03-07,12.98057509,85.51101656,78.45226948,85.64714132,34.21989558,73.83299241,67.86289931,48.28289961,43.08563643,53.84012469,70.92700862,167.1021944,28.58460346,84.71504656,83.65381045,31.77155594,48.38383596,26.80771937,40.23145843,24.03492126
2014-03-14,12.53182281,84.04838608,76.41008657,87.51254502,34.15120859,73.3260469,67.58991902,45.61673385,42.59143205,51.48348623,70.15815578,162.2319418,27.52689381,84.2520732,82.31520857,30.69518314,47.70311099,26.76652742,39.31846457,25.73619613
2014-03-21,12.85592168,85.81059147,76.67728807,85.62023646,34.3927812,74.35804312,69.24599943,48.73050408,44.13694393,54.53805223,71.25193251,166.2029338,28.36424729,87.0843808,83.05496224,31.91074208,45.7831175,28.25767591,40.02667476,24.13382792
2014-03-28,12.83930122,87.57279686,75.37945221,87.20762326,34.84908501,75.09130359,69.16410534,45.97676353,44.28969801,54.42022031,71.78544953,169.5684832,28.09981987,88.45514506,86.04039668,32.68090538,46.40275177,28.8920319,40.46184006,23.51450769
2014-04-04,13.40439668,90.02226236,76.75363136,87.77262535,34.19594426,74.76541005,70.34701992,45.84053608,44.53230744,54.55236459,71.1115333,170.7437543,28.34661879,89.34478014,85.74097258,33.02423119,47.4412937,29.2874746,40.99086454,23.70128681
2014-04-11,12.98888531,89.38786842,73.48995587,89.04612211,34.56277673,75.27235555,69.60997314,44.44907001,43.20244838,50.43881896,69.47889101,173.7887751,26.31934195,87.93770424,85.17735074,32.54171924,48.52347185,29.37734475,40.60473412,23.81925257
2014-04-17,13.29636372,91.13193814,76.33374329,89.90707766,36.43272764,77.44497917,70.66549692,46.92062513,43.96621878,50.36585141,70.19158416,169.1767261,26.66309759,89.83498722,88.43578951,34.08204585,49.30892373,30.07839503,41.06193635,23.14094946
2014-04-25,13.11353872,92.78034235,74.65419099,90.33755544,36.69219451,77.17340122,71.53903384,46.46329013,44.07404519,50.80365671,76.47612041,168.8383904,27.10380994,90.58845367,88.42698291,33.47890591,50.39110188,28.78479036,39.62994445,26.00161908
2014-05-02,13.31553128,93.06393877,76.63911643,90.96533554,36.63851171,77.41782137,71.99400098,46.45355348,44.55027851,50.69420538,79.23596781,170.4499365,27.10380994,90.15271403,89.83603752,33.9057434,49.58819551,29.73621573,40.64786641,24.30094608
2014-05-09,13.20666215,93.10825071,78.2041538,92.31057859,36.56693464,78.9115001,72.51051124,45.73334335,44.41352155,49.26221721,78.73304518,170.2224793,25.81700883,91.60517947,90.39085277,33.32116162,49.04710644,30.41222849,41.82106459,23.61281249
2014-05-16,13.1982876,93.96790237,76.71545972,92.49891262,36.58482891,78.34118641,70.50548574,45.19805204,44.41352155,48.62375115,80.34221568,167.5179765,25.89704779,91.30560847,89.31804323,33.26548717,48.70944748,30.66260359,42.33002556,23.58332105
2014-05-23,13.41602585,92.19542473,79.51153257,91.4765279,36.30746777,77.69845192,69.22373428,46.02532043,45.3908362,49.73650629,82.57696929,166.5149821,26.22609681,92.30430434,89.83228251,33.84400617,47.78257325,29.47749479,42.9079982,23.00332274
2014-05-30,13.76775687,90.60019485,80.16999342,91.69241193,36.60272317,79.96160152,70.28575692,46.29783237,45.95188721,50.68508444,85.11426173,165.1000435,26.35060185,92.74306515,89.13185315,34.19849135,48.55938213,29.60268234,43.09778026,22.50196827
2014-06-06,14.30372794,95.87331584,80.74256806,92.17153032,36.67430024,80.17759291,70.6885931,47.62146181,47.03779238,51.96201656,86.80444541,166.9000603,26.16384429,94.31529137,90.08053596,34.80484758,48.75358434,29.22711969,42.63195157,22.71823883
2014-06-13,13.86825144,94.6237191,79.01530121,90.84265479,36.39212797,79.52092283,68.92160715,46.31729751,46.9653987,52.02586317,85.91565352,163.4880882,26.26166968,93.72113611,91.01148638,36.45600223,48.74475697,29.23546553,42.42491659,23.02856783
2014-06-20,13.96037147,96.93680243,79.03438703,92.13537044,37.58206131,81.26292263,69.28782186,46.07398328,47.86127047,52.4910313,85.56739769,162.5836022,26.4840001,96.22572904,92.05769733,37.05302991,50.08651776,29.53591565,42.60607219,24.465393
2014-06-27,14.4712189,96.40505913,81.40102891,91.71953184,38.03279364,80.95282842,68.97653936,45.87933189,47.87031968,52.47278941,86.57451589,162.7268871,26.38617472,95.96978524,89.73475437,36.7918303,50.80153502,29.55260732,42.54568699,24.79015486
2014-07-03,14.50471709,98.44340843,82.87063717,91.2856133,38.06885222,82.10200107,69.35190943,46.94991452,47.96081178,52.39652647,88.50404142,168.8344066,27.15099138,96.36284179,90.95828921,37.61274335,49.43329211,29.91147829,42.88211883,24.79015486
2014-07-11,14.63033531,97.45082094,82.91835172,90.73417515,37.83447141,81.94695397,70.33153376,45.74307592,46.5943811,51.24848689,89.62410745,168.3597754,26.7419034,96.07033459,90.20466268,36.51197358,49.58335746,30.2307793,43.88016242,25.51840871
2014-07-18,14.83969901,98.25729827,81.88771736,89.48665934,38.24914515,82.16584399,70.57872868,48.23461367,46.4043477,53.48027584,88.8805342,172.3896636,27.32885572,93.05385405,91.08241594,37.12765836,50.24541048,30.57738499,44.25513201,25.01650403
2014-07-25,14.75595353,93.51255082,82.28851961,86.53058927,36.9600507,83.49742499,69.55332752,48.69204443,46.69392241,54.19665254,91.93106699,174.091172,26.848622,93.33722041,91.48139469,37.78998594,50.29837472,30.04479576,44.71730383,24.75078978
2014-08-01,14.1783999,89.65075449,81.47737219,85.24691359,35.51770726,81.80102728,67.32857319,46.82322994,45.56277119,51.87302042,90.48062854,169.3896357,25.89388683,91.31709253,87.5980015,36.01756004,49.51273847,29.86726601,43.45287149,24.79999612
2014-08-08,14.41456599,92.1123152,82.88018008,84.56891586,35.56278049,82.34825235,68.805371,47.16393951,45.56239158,51.74443999,89.61591252,168.1214781,25.42733031,92.39571285,88.43142379,36.45600223,50.22775573,29.14023944,42.46748628,25.97110705
2014-08-15,14.60012506,94.30631496,85.19910739,84.78587514,36.85187494,83.77103753,68.09584729,47.42677261,45.75375362,52.12099697,92.68067456,168.7970989,25.69649754,92.4779805,88.41555031,36.40003089,50.84607521,29.36849197,42.55468851,26.46317047
2014-08-22,14.48204202,95.70655058,86.3537996,85.38251313,37.06822646,83.54302708,69.78211793,49.5781102,46.63766402,53.71906807,95.84002804,171.5266069,25.94772028,94.88202407,87.94235792,37.51551357,51.04246103,29.16560083,42.41516495,25.97110705
2014-08-29,14.68447009,97.27624147,85.77168204,85.45156605,37.60910525,84.35474427,69.57018228,50.27899847,46.87458846,54.60076247,96.95620681,173.2291713,26.36941559,95.46180754,88.79946111,39.10054401,51.67625165,29.55447551,43.44415127,26.65999583
2014-09-05,14.45673851,96.80355046,86.78323058,84.85891221,37.71728101,84.27077988,71.42231561,50.91174482,47.0659505,55.02324103,93.61712964,172.2382608,26.60269385,96.09680847,88.62089794,38.3689915,51.8815641,29.71509766,43.54879394,25.55777378
2014-09-12,13.99284083,93.66416869,85.57128092,85.1050915,37.64645962,83.46251518,69.81897631,50.98962129,47.11151289,55.13345283,96.16163887,172.310327,26.40530456,96.24405507,85.5138989,37.12160067,50.3729639,29.16560083,42.20587959,24.79471906
2014-09-19,14.04344785,91.42557544,86.3537996,86.03510214,38.18219072,86.14448441,70.80493783,52.06042281,48.62418429,56.12535903,95.49949892,174.7605784,27.27561191,99.38224811,86.7102721,36.79333993,50.99782789,29.98561918,43.90632309,23.84903252
2014-09-26,13.77354375,89.52589272,84.68379021,86.34510569,38.31839354,85.53828589,70.48242705,51.09670144,47.26642502,55.62022162,95.30085693,171.2113172,26.66549954,98.56318893,85.20141337,36.14619732,50.30155088,29.82499703,43.40055015,23.45499646
2014-10-03,12.30594019,86.85920195,84.4070458,86.49098971,39.04480858,85.87812446,71.24723833,50.93121394,47.47601203,55.75791769,94.23197387,169.9591667,26.2168875,96.75021524,83.85326148,34.3735893,50.90856161,29.89262741,43.34822881,22.36154639
2014-10-10,11.63117993,83.05983651,82.32669125,84.15684536,40.37959623,86.93437946,72.14105391,48.77987634,46.14559019,54.11199574,95.28193865,167.4908987,26.13613733,93.1610795,81.78192879,32.10390073,52.78315356,29.33317362,43.14743986,21.87885222
2014-10-17,11.8251735,85.40865469,79.99822102,83.00800868,38.93584633,84.05034405,68.28013916,48.74093811,44.36865692,51.96674915,92.38744116,163.9956871,24.96974604,90.83274274,81.43373062,31.82253438,54.18463422,29.1875783,42.38041345,22.06601935
2014-10-24,11.62274543,89.35335742,84.55973237,83.58242702,37.25601154,86.88845533,70.38106652,50.42501686,46.65588898,54.31542429,99.52909347,146.0061575,26.11819285,94.90963281,84.3621665,32.35713045,55.79142732,29.00772527,42.99756114,21.62272878
2014-10-31,11.99101063,91.12353154,87.20311866,85.4606838,38.02782752,88.33047304,70.27970599,52.11889976,48.37814738,55.92435923,102.158735,148.0960778,26.87186108,99.18898695,86.34421761,33.20122951,56.55911736,29.838475,44.30238768,18.4802912
2014-11-07,12.05909302,91.43802948,85.88619697,86.70981575,38.4273558,88.90911708,72.58335441,52.33310036,49.382367,56.83978773,103.5599559,146.9918034,27.07729074,99.57550926,86.85312263,32.25396279,57.30895415,29.89842601,44.84018781,18.90387997
2014-11-14,12.88459198,91.06063195,86.64962983,87.72188615,38.79964351,89.75412109,76.44426916,51.9728539,48.9329361,55.73942418,108.4714775,148.88736,27.4573864,99.53869761,85.50433203,30.35005047,55.92062963,30.74630461,45.40443713,18.86447636
2014-11-21,13.13139064,95.65230186,84.89373425,88.15042047,40.40683679,90.82874575,78.00153549,52.24547284,49.35485082,55.89661897,110.6469871,145.9487937,27.55693527,99.9068141,87.05094525,31.93814335,56.22714284,30.21530993,44.2671221,19.39642504
2014-11-28,13.38669959,90.39569345,88.28146758,89.04871229,40.98680535,91.94010971,80.66455307,52.54730096,49.96937879,55.62846315,112.9839974,147.0824999,28.19042803,100.268057,81.41300055,27.30272261,56.93032019,30.30095424,44.60214513,18.12565875
2014-12-05,13.3611687,88.76030416,89.47433142,88.58879744,39.798252,90.38903994,77.95119261,54.60167941,50.47384205,57.97713829,109.250481,148.0801613,28.95061935,100.5088856,84.36235599,27.59538665,57.02948623,29.06767628,42.85649881,18.77014005
2014-12-12,12.7569375,81.32018148,88.40241552,83.35496651,37.40285985,87.5967435,77.66392597,51.99232668,49.25395817,55.51750212,104.2439589,140.9242081,28.0094301,96.72972924,77.87017724,24.02677352,57.79576924,27.54320769,40.18513096,18.78986695
2014-12-19,12.79097869,82.40744579,89.75516862,85.7465237,38.35370253,88.24396453,78.91492585,52.58624652,49.94186262,57.26513835,106.1914675,143.7630083,28.90536986,97.76714471,84.20050112,26.6513091,59.22015413,28.72509907,41.45469192,18.85891108
2014-12-26,13.14841123,84.67183095,91.82294837,87.18145802,39.27711707,89.7325729,80.53659237,52.99517493,50.70314353,57.838437,108.2909767,147.2366839,28.64292286,97.31327544,83.81384781,26.67963143,61.08627864,29.26465817,42.19526914,18.592598
2015-01-02,13.07181855,82.56020193,90.58614553,85.78331689,38.52741418,87.31936306,79.60065912,52.82965629,50.1711641,58.15282659,103.8639572,146.9827337,28.35332617,96.81309299,83.47215419,27.00061779,59.80613526,29.00772527,41.40179354,19.07590692
2015-01-09,12.94416407,78.75926969,91.06927164,85.7373254,39.34111609,89.51991456,82.79765882,49.4413923,48.31840813,55.22145511,106.4099684,144.3071872,29.54791253,97.20212378,82.81574277,26.10374412,60.5183277,29.01051639,41.71635124,20.43706263
2015-01-16,12.7824684,75.97927074,91.96788621,84.15521834,38.88398019,89.95447725,80.40685904,46.35495643,47.36451397,52.04812916,100.6909433,142.5204664,29.68366098,96.36848636,81.93453291,25.1124627,62.29430127,29.35794772,43.31278011,21.98562385
2015-01-23,12.68885511,77.56481478,91.52341019,82.37994703,39.5971122,91.10098308,82.01925889,47.3383319,48.85038757,52.74607475,107.3314725,141.3686209,29.36691459,94.66416096,81.72771835,25.0369365,63.43921824,28.98445904,42.55464852,23.82022503
2015-01-30,12.64851065,72.45483283,87.89030184,85.02905654,37.64057052,86.70912608,78.74812587,45.72195404,47.62133163,50.60570827,111.30249,139.0467907,28.280927,92.75605752,78.6075161,25.1124627,62.45657296,28.59359879,41.25499435,24.80656975
2015-02-06,13.63734731,75.39035438,98.57705138,86.45479256,37.89656663,89.4182084,80.92579233,47.85467139,50.27148079,53.87209363,113.4267394,143.1372025,30.28059577,93.64527077,82.8966702,26.39640816,60.19378431,30.28732654,44.52218052,23.72159056
2015-02-13,14.01568481,77.1299227,100.6544937,87.98170985,38.39027341,91.65574396,79.51725913,49.86078907,51.08394917,55.52855117,121.1996136,146.4982598,31.6225456,92.27440034,84.59084259,28.03910309,58.21046357,30.10492509,44.50412977,24.4416222
2015-02-20,14.10167061,76.50476534,101.0216695,86.6387585,38.37198797,91.59102186,78.1179926,50.42561832,50.62231941,55.6495284,123.502864,149.4665849,31.54951431,93.51559384,81.46523044,27.06928671,58.05564851,29.60114966,44.19726698,25.23069798
2015-02-27,14.05007913,75.10948657,100.567531,91.74821877,39.58796948,91.51705374,77.77512596,51.04887819,50.58538903,57.0268077,122.5157567,147.9047893,31.33042046,95.61423822,80.21498557,26.48929848,57.50013564,30.01806726,44.63048503,25.97045652
2015-03-06,13.69753736,72.53637509,100.3163054,90.10621324,37.96056566,89.51713534,76.53339275,51.67213805,50.40073713,56.663876,120.7418247,144.7629313,31.0109086,93.37568421,77.57859967,25.46243407,54.62239683,29.08000265,43.5835414,22.98183202
2015-03-13,13.92969901,71.7843742,102.8478862,89.38261758,36.78538947,87.79511496,76.35486846,52.13958295,51.09318177,56.76624135,117.8711067,140.9086754,31.03829533,92.53622646,75.98408448,24.5116337,55.40557891,28.45462625,44.07993709,22.02074624
2015-03-20,14.17045924,73.56018353,104.7707281,90.0319983,37.46745382,88.74455322,77.60414225,51.59423057,51.71176564,57.46418694,120.0742159,148.7633202,31.26651809,95.51163783,76.59108742,24.89195385,55.97930532,28.86285807,44.72976417,22.66260655
2015-03-27,13.74053026,72.18302528,101.9202841,89.94850649,36.94207993,89.31235454,75.84210683,49.66602036,49.96680515,55.41687987,117.5468396,146.4982598,31.52212758,93.5902123,75.72135187,24.62572974,54.45847499,28.44594047,43.82722655,21.95162282
2015-04-02,13.78352316,72.69945962,102.4227352,88.90022048,37.49510508,89.07034087,75.26408462,50.50352581,50.19762003,56.69533303,119.5210543,146.5439264,31.38519393,92.93730072,76.37365353,25.73816618,55.50575336,28.77600024,44.64853578,22.06024533
2015-04-10,13.78352316,74.83767902,103.3406748,90.72776336,37.67944679,89.54506,75.18950111,51.05861662,50.15145706,57.80076087,121.2186881,148.7450536,32.35285843,95.19450935,77.51518145,27.74435497,55.42379244,28.87304425,44.9202064,22.05037056
2015-04-17,13.55136151,76.0800228,103.0894492,88.01891807,37.14485581,89.18203948,72.60704708,51.68187649,49.90217699,58.86871658,118.9774299,146.7448591,31.98770201,92.88133687,78.75636657,29.01842748,55.49664659,28.64396303,44.62816118,23.27484255
2015-04-24,13.55996009,77.28590212,105.8336055,91.5997889,37.68866388,88.58631351,74.43434307,51.51632308,50.50229567,58.6438838,124.2515397,155.0653027,32.19766695,94.28043312,78.79260555,28.83777541,56.91730246,29.96558544,45.65944588,24.6671857
2015-05-01,13.72164237,79.81642161,106.7901952,90.72776336,37.70709805,88.94933403,73.27829867,52.35382853,50.95469284,59.59005509,122.9830829,158.6181595,31.11132662,93.39433883,80.49583768,29.25612757,56.15233392,30.3268289,46.00624959,26.15827658
2015-05-08,13.6001351,79.76160892,106.3940318,91.12666866,37.77161765,89.87084764,73.67503924,52.65636852,52.102042,61.35124521,122.219908,158.9196553,31.31644063,94.64419815,80.62267411,27.86795902,55.62414135,29.68363933,45.75983643,25.71391175
2015-05-15,13.43523238,80.78477925,106.5776198,90.95040818,38.26934028,91.42532009,74.3411449,52.87081504,51.60937327,61.71659848,123.3212471,159.4534369,31.28882472,95.41836475,79.80258133,26.31815441,55.97930532,30.24753155,45.44041196,27.34324948
2015-05-22,13.25297147,80.96748824,106.5389697,91.83171058,37.98361062,89.60090931,71.17010667,53.58238759,52.05556382,62.2693124,126.9317239,158.4963114,31.5557785,95.22451027,79.04429693,26.91038878,56.27159454,30.58234256,45.27613652,26.67176484
2015-05-29,13.16618057,77.94365448,106.6452574,89.77702772,37.75318348,89.75914902,69.67840525,52.71485393,52.01838127,61.62291815,124.7673532,156.1311068,31.98842774,94.08764143,77.83835065,26.04818338,56.91585552,30.43255869,45.1209875,26.89888464
2015-06-05,12.82769603,78.61054229,106.5776198,89.41204241,36.9605141,87.25143516,68.54321109,54.82032887,52.62259764,63.15927549,123.2063247,154.0604025,31.38087775,92.63132184,76.99784264,25.81826193,53.9430513,30.45899114,43.10405015,25.58553969
2015-06-12,13.21825511,80.25492319,106.2394315,88.96282972,37.13457681,87.89843667,67.95215958,55.66836739,53.06878818,63.93682219,121.7889492,153.6830742,31.49134138,92.40582719,76.76030776,25.37757917,52.95825237,30.52947767,43.12230298,23.27891018
2015-06-19,13.11410602,79.95345335,108.8193249,89.91740668,37.54346604,88.94864202,68.24299445,54.8105813,53.03160564,63.77756564,121.2430681,153.6830742,31.46372547,93.82456434,77.84748661,24.83151575,54.29279297,30.82904541,43.31395766,24.36624781
2015-06-26,13.36579965,79.3139719,111.1093427,91.049797,37.17174856,88.99552618,67.66132472,54.91780456,53.39413546,64.59258447,121.386721,152.2749952,31.2243876,93.61786092,76.61413246,26.58466674,53.47366115,31.82466763,43.45998027,23.55568703
2015-07-02,12.90580785,77.08492224,111.7268578,90.00163406,36.69780876,88.76110535,67.4173987,53.97229035,52.74344091,63.66181876,121.0898383,151.9344794,30.71809594,92.49038768,75.95634358,24.6494946,54.43084889,31.4810458,43.07667091,23.39752883
2015-07-10,12.56732331,75.04771701,113.1553912,91.38670652,37.53417311,89.59564352,68.59950171,53.18273725,52.12992891,63.21867517,118.06355,153.6462616,31.62942093,93.5145092,75.11583557,23.43282697,55.96787151,30.94191959,43.40062136,22.26076676
2015-07-17,12.74958421,76.66878812,115.5071264,91.24632755,38.3333657,90.74899404,68.8528095,57.26696873,53.85891728,65.25524995,124.1352803,158.7632021,32.28299744,94.03126777,75.47213788,22.58020163,56.4188542,31.26339408,43.94543767,20.45183234
2015-07-24,12.48921149,70.15986984,115.555716,89.93612388,37.58063779,90.18638403,67.15470914,57.21823088,53.7101871,64.97239234,119.2319272,147.0200078,31.5373679,93.15747601,73.03283745,20.51090865,56.05070507,30.6204451,42.51414058,17.59509984
2015-07-31,12.99802532,72.49238588,116.6149686,93.45495661,38.17538577,90.3457902,67.52997994,57.03267941,53.79384782,64.61410604,116.1673314,149.081509,33.19432243,94.1534107,72.36591262,20.12770624,58.52650797,31.02228821,43.20670369,16.97235192
2015-08-07,12.97173127,71.25698213,106.2653901,92.57524843,38.81659843,92.92441939,67.29068418,56.49610785,53.76952035,64.16153386,111.1315892,143.9461811,32.64667629,92.8756077,70.19155493,17.62731056,59.96228957,30.54900633,42.80963417,15.9542085
2015-08-14,12.95420191,72.36331385,104.1371669,92.90279935,38.3333657,93.04631823,68.35789082,56.18392075,53.63853491,64.01067647,111.5548743,144.5308,32.76728066,92.83802526,72.26376887,16.66930455,61.9594986,30.40612878,43.85309592,17.1502799
2015-08-21,12.14785104,69.14573243,96.05186246,90.90005944,36.73498051,90.25202186,62.84241579,52.29133795,50.49488451,59.96581269,101.7423552,138.1278304,31.11592847,90.48912269,66.51844881,15.25172606,61.39224211,29.80782903,42.56954563,17.93118601
2015-08-28,12.04267484,70.02157837,99.58918317,90.87198365,36.66063702,87.70152317,61.33132675,51.97915086,50.09257211,60.4655278,108.9863031,137.3204994,30.29952963,90.11981798,69.22972345,16.14375327,59.10606415,29.72746041,42.5418431,16.97235192
2015-09-04,11.88491055,67.39404054,98.12177815,89.55020934,35.79639386,85.90725156,60.33967456,49.35482811,47.98744908,57.98580944,105.1190162,133.3488023,29.10276315,86.46464831,66.82277555,15.86257078,56.55967082,29.07558158,41.38757126,15.51927345
2015-09-11,12.0163808,66.96072728,101.532766,91.96716807,35.74063624,86.56865803,61.05744186,49.85237629,49.23181069,58.98523966,109.8713539,136.7544398,30.58712467,87.99868325,67.03488207,14.6311854,57.98156199,29.21845913,42.22788116,16.07820315
2015-09-18,12.51596774,66.2508311,99.93902807,91.62728325,36.53737216,87.91981696,59.8202377,49.06215271,47.75354652,57.45780858,109.140225,134.1004553,30.47579756,88.43427342,67.02566005,15.35838149,60.45360807,29.06665174,41.15671689,16.81083063
2015-09-25,11.8586165,59.90786258,97.47067791,92.13711048,37.13726745,88.31666084,60.23578719,49.31580473,48.16521502,57.95752368,110.3523597,134.9449049,29.58518064,86.17109842,67.53287129,15.27111796,61.57811023,28.8701951,40.83352077,16.42471615
2015-10-02,12.26179193,60.57166161,100.0945147,94.2141844,37.85901646,88.96861864,61.36910397,48.662163,47.95938077,57.75009477,106.1868491,134.165413,30.68917453,88.9456184,69.97670727,16.15344922,61.93125967,29.14702036,39.55920466,16.89993397
2015-10-09,13.12073089,65.73454296,102.5823007,97.01823418,39.38687476,93.98585914,62.98408039,50.12554,48.78271778,58.81373737,107.8607495,141.4128322,30.83761068,90.30920501,73.0937509,18.99436196,60.80675751,30.01346895,41.30353501,18.74140305
2015-10-16,13.39243607,64.24099514,105.1867017,98.96313066,39.38687476,94.2031784,55.61752128,51.4035559,49.47506936,59.28857781,106.8217769,139.556899,31.92305005,93.02690888,76.06324217,18.69378757,62.28440911,30.6383722,41.80860541,18.80080528
2015-10-23,13.73425872,66.868027,109.89989,106.2989781,40.10862378,96.78266363,55.0603072,52.33036133,51.2246605,60.65611829,114.5563508,134.2582096,31.5890687,94.98706464,76.5243433,17.74358468,62.30299593,30.55686308,43.17416612,19.35522608
2015-10-30,13.11056105,68.02365562,110.5315544,105.9779757,39.69619577,96.5558957,54.0592107,51.92017035,50.65393825,61.01699702,114.9603957,129.9895632,31.37569173,95.66885795,76.30301476,17.82115226,61.10414651,30.348562,43.84759332,19.26612274
2015-11-06,12.85383838,68.8158204,112.4071118,106.9787477,39.33063458,94.22207573,55.51363391,54.55670335,52.61284948,65.01515356,116.9619591,129.4977409,31.73590701,96.51163023,77.89842466,17.73388873,57.57265211,30.03158209,42.81874621,17.36525143
2015-11-13,12.32268803,64.89227484,111.6005249,103.8253719,38.78697948,92.63470021,53.28477756,51.92017035,51.40704021,62.26107899,108.5371426,123.4092395,31.1185861,94.57988253,72.66557673,16.61885472,57.53547849,29.26177374,41.36900709,17.32564994
2015-11-20,12.92465843,66.29953227,116.682994,107.5452224,39.77118268,94.58112496,56.73194946,53.4630304,52.58458832,64.14144715,115.2615375,129.731914,30.09907126,97.75211527,74.23798165,16.93760019,59.44630921,30.48441053,42.45397314,17.50385663
2015-11-27,12.86269089,66.37408896,111.8823444,108.6876131,40.75538588,95.18583944,56.56195194,52.9357238,52.17951177,63.79006522,113.8219759,129.6944463,30.66962543,97.64719009,75.5777823,16.95704634,58.41344015,30.40290141,42.30432265,17.21674586
2015-12-04,12.57055819,65.21846034,111.0174501,110.5620296,40.88761657,96.16250768,56.81789345,53.79503826,52.44328255,64.47383546,115.0006773,131.5397306,30.67897878,98.20043196,73.37269374,15.67360018,58.35710184,30.89195613,42.75327412,20.25615988
2015-12-11,12.07481787,60.97804887,105.6653712,110.4478519,39.92422158,93.04146053,56.53218497,49.90859331,50.22007172,60.84605447,109.3487075,126.0507124,29.98683109,96.98902304,69.16720837,13.94289246,57.09887953,30.04063866,41.92084327,18.96356789
2015-12-18,12.21645796,60.67982213,105.3524046,110.9997106,40.14145771,93.15564518,56.04648055,50.00624268,50.67225019,61.15944916,102.4407445,126.359821,29.92135766,97.24656666,71.90263469,12.12467706,59.42752978,30.43007112,42.61297679,17.55592197
2015-12-24,12.66793576,64.6592852,103.5332858,112.8170383,41.12374279,95.66770753,57.93215653,51.47098324,51.64254983,63.24874711,104.3730418,129.4977409,30.51061853,98.93490823,73.80998978,13.54424631,60.79842871,31.39006741,43.68858968,18.37870093
2015-12-31,12.47318063,63.33590404,102.7704295,112.4079017,40.57592995,95.07775349,58.37976649,50.53354928,51.20921213,62.707429,101.69681,128.9076246,30.19260473,97.98104294,72.52601416,12.24135398,60.34772221,31.16365319,43.23028505,17.83348596